JEU,NOM,SCORE
Pendu,Julien,5000
Pendu,Julien,1000
Pendu,Julien,750
Pendu,Julien,500
Pendu,Julien,500
Motus,Paul,800
Motus,Paul,800
Motus,Paul,800
Motus,Paul,800
Motus,Paul,0
Sudoku chiffre,Paul,800
Sudoku chiffre,Paul,800
Sudoku chiffre,Paul,800
Sudoku chiffre,Paul,800
Sudoku chiffre,Paul,800
Sudoku lettre,Paul,800
Sudoku lettre,Paul,800
Sudoku lettre,Paul,800
Sudoku lettre,Paul,800
Sudoku lettre,Paul,800
Mots meles,Julien,8000
Mots meles,Julien,7000
Mots meles,Julien,5000
Mots meles,Julien,4000
Mots meles,Julien,3000
